{"cameraMode":{"drawMode":0,"name":"Shaded","section":"Shading Mode"},"sceneLighting":true,"audioPlay":false,"sceneViewState":{"m_AlwaysRefresh":false,"showFog":true,"showSkybox":true,"showFlares":true,"showImageEffects":true,"showParticleSystems":true,"showVisualEffectGraphs":true,"m_FxEnabled":true},"in2DMode":false,"pivot":{"x":-11.950514793395996,"y":-3.1663100719451906,"z":-19.790555953979493},"rotation":{"x":0.0015577701851725579,"y":0.987212598323822,"z":-0.15921328961849214,"w":0.009484080597758294},"size":29.453231811523439,"orthographic":false}